REGION;POS;REF;ALT;REF_DP;REF_RV;REF_QUAL;ALT_DP;ALT_RV;ALT_QUAL;ALT_FREQ;;TOTAL_DP;PVAL;PASS;GFF_FEATURE;REF_CODON;REF_AA;ALT_CODON;ALT_AA
NC_045512.2;12910;T;A;1024;508;38;59;30;37;0.0543779;5.43779;1085;3.42677e-18;TRUE;cds-YP_009724389.1;TTT;F;TTA;L
NC_045512.2;5986;C;T;857;238;38;76;28;38;0.0814577;8.14577;933;6.76616e-24;TRUE;cds-YP_009724389.1;TTC;F;TTT;F
NC_045512.2;2433;C;T;981;587;38;95;65;39;0.08829;8.829;1076;3.22554e-30;TRUE;cds-YP_009724389.1;TCC;S;TTC;F
NC_045512.2;26858;C;T;512;428;37;51;49;38;0.0905861;9.05861;563;4.94465e-17;TRUE;cds-YP_009724393.1;TTC;F;TTT;F
NC_045512.2;8191;T;A;797;503;38;139;74;39;0.148504;14.8504;936;1.97349e-46;TRUE;cds-YP_009724389.1;GTT;V;GTA;V
NC_045512.2;29743;C;T;624;482;38;150;130;37;0.193798;19.3798;774;1.05178e-51;TRUE;NA;NA;NA;NA;NA
NC_045512.2;21575;C;T;277;138;38;132;58;38;0.322738;32.2738;409;3.12505e-49;TRUE;cds-YP_009724390.1;CTT;L;TTT;F
NC_045512.2;6539;C;T;67;17;37;91;23;37;0.575949;57.5949;158;8.10043e-37;TRUE;cds-YP_009724389.1;CAC;H;TAC;Y
NC_045512.2;7240;A;G;136;91;37;251;166;38;0.648579;64.8579;387;2.89686e-106;TRUE;cds-YP_009724389.1;GCA;A;GCG;A
NC_045512.2;21764;A;-TACATG;979;285;39;875;0;30;0.768218;76.8218;1139;2.04196e-226;TRUE;NA;NA;NA;NA;NA
NC_045512.2;26907;C;T;17;5;37;130;13;38;0.884354;88.4354;147;2.12725e-67;TRUE;cds-YP_009724393.1;CTG;L;TTG;L
NC_045512.2;26735;C;T;124;52;39;1574;780;38;0.926973;92.6973;1698;0;TRUE;cds-YP_009724393.1;TAC;Y;TAT;Y
NC_045512.2;26876;T;C;130;121;39;1903;1518;39;0.936055;93.6055;2033;0;TRUE;cds-YP_009724393.1;ATT;I;ATC;I
NC_045512.2;25710;C;T;7;1;37;202;46;39;0.966507;96.6507;209;1.09896e-119;TRUE;cds-YP_009724391.1;CTC;L;CTT;L
NC_045512.2;26204;C;T;7;7;37;365;299;37;0.981183;98.1183;372;2.92342e-216;TRUE;cds-YP_009724391.1;ACT;T;ATT;I
NC_045512.2;25460;C;T;23;5;41;1370;718;39;0.983489;98.3489;1393;0;TRUE;cds-YP_009724391.1;GCT;A;GTT;V
NC_045512.2;25563;G;T;13;11;37;1157;844;38;0.988889;98.8889;1170;0;TRUE;cds-YP_009724391.1;CAG;Q;CAT;H
NC_045512.2;29445;C;T;3;2;37;338;82;37;0.991202;99.1202;341;2.52492e-206;TRUE;cds-YP_009724397.2;ACT;T;ATT;I
NC_045512.2;28975;G;C;0;0;0;514;429;38;0.996124;99.6124;516;0;TRUE;cds-YP_009724397.2;ATG;M;ATC;I
NC_045512.2;5629;G;T;1;0;37;344;42;37;0.997101;99.7101;345;1.13328e-209;TRUE;cds-YP_009724389.1;ACG;T;ACT;T
NC_045512.2;4893;C;T;3;2;37;1159;713;38;0.997418;99.7418;1162;0;TRUE;cds-YP_009724389.1;ACA;T;ATA;I
NC_045512.2;7185;T;C;1;1;37;387;135;37;0.997423;99.7423;388;6.44708e-235;TRUE;cds-YP_009724389.1;ATA;I;ACA;T
NC_045512.2;4543;C;T;1;0;37;611;397;38;0.998366;99.8366;612;0;TRUE;cds-YP_009724389.1;ACC;T;ACT;T
NC_045512.2;13860;C;T;2;0;37;1834;1310;39;0.998367;99.8367;1837;0;TRUE;cds-YP_009724389.1;GAC;D;GAT;D
NC_045512.2;24506;T;G;0;0;0;615;154;38;0.998377;99.8377;616;0;TRUE;cds-YP_009724390.1;TCA;S;GCA;A
NC_045512.2;17125;C;T;2;1;37;2066;891;39;0.999033;99.9033;2068;0;TRUE;cds-YP_009724389.1;CTC;L;TTC;F
NC_045512.2;28271;A;T;0;0;0;1073;463;38;0.999069;99.9069;1074;0;TRUE;NA;NA;NA;NA;NA
NC_045512.2;4878;C;T;1;1;37;1140;678;38;0.999124;99.9124;1141;0;TRUE;cds-YP_009724389.1;ACT;T;ATT;I
NC_045512.2;913;C;T;0;0;0;1181;891;39;0.999154;99.9154;1182;0;TRUE;cds-YP_009724389.1;TCC;S;TCT;S
NC_045512.2;17251;C;T;1;0;37;1181;463;38;0.999154;99.9154;1182;0;TRUE;cds-YP_009724389.1;CGT;R;TGT;C
NC_045512.2;28560;G;T;1;0;37;1333;623;38;0.99925;99.925;1334;0;TRUE;cds-YP_009724397.2;GGT;G;GTT;V
NC_045512.2;14408;C;T;1;0;37;1404;594;38;0.999288;99.9288;1405;0;TRUE;cds-YP_009724389.1;CCT;P;CTT;L
NC_045512.2;11208;C;T;1;0;37;1456;825;38;0.999314;99.9314;1457;0;TRUE;cds-YP_009724389.1;GCT;A;GTT;V
NC_045512.2;241;C;T;0;0;0;387;191;37;1;100;387;2.16909e-240;TRUE;NA;NA;NA;NA;NA
NC_045512.2;629;C;T;0;0;0;1689;1364;40;1;100;1689;0;TRUE;cds-YP_009724389.1;CTT;L;TTT;F
NC_045512.2;696;A;T;0;0;0;2410;1059;38;1;100;2410;0;TRUE;cds-YP_009724389.1;GAC;D;GTC;V
NC_045512.2;3037;C;T;0;0;0;1008;577;38;1;100;1008;0;TRUE;cds-YP_009724389.1;TTC;F;TTT;F
NC_045512.2;3193;A;G;0;0;0;332;15;37;1;100;332;1.1564e-202;TRUE;cds-YP_009724389.1;GAA;E;GAG;E
NC_045512.2;3267;C;T;0;0;0;904;228;38;1;100;904;0;TRUE;cds-YP_009724389.1;ACT;T;ATT;I
NC_045512.2;6633;C;T;0;0;0;1547;756;39;1;100;1547;0;TRUE;cds-YP_009724389.1;GCT;A;GTT;V
NC_045512.2;9042;C;T;0;0;0;1512;790;39;1;100;1512;0;TRUE;cds-YP_009724389.1;TCT;S;TTT;F
NC_045512.2;9120;C;T;0;0;0;1826;1123;38;1;100;1826;0;TRUE;cds-YP_009724389.1;ACA;T;ATA;I
NC_045512.2;9501;C;T;0;0;0;166;140;37;1;100;166;8.5566e-105;TRUE;cds-YP_009724389.1;GCC;A;GTC;V
NC_045512.2;9526;G;T;0;0;0;786;712;39;1;100;786;0;TRUE;cds-YP_009724389.1;ATG;M;ATT;I
NC_045512.2;11497;C;T;0;0;0;1177;588;38;1;100;1177;0;TRUE;cds-YP_009724389.1;TAC;Y;TAT;Y
NC_045512.2;13506;C;T;0;0;0;296;177;37;1;100;296;2.67013e-181;TRUE;cds-YP_009724389.1;TGC;C;TGT;C
NC_045512.2;13993;G;T;0;0;0;1211;100;39;1;100;1211;0;TRUE;cds-YP_009724389.1;GCT;A;TCT;S
NC_045512.2;15766;G;T;0;0;0;1566;1090;38;1;100;1566;0;TRUE;cds-YP_009724389.1;GTG;V;TTG;L
NC_045512.2;16675;C;T;0;0;0;848;576;37;1;100;848;0;TRUE;cds-YP_009724389.1;CTG;L;TTG;L
NC_045512.2;16751;C;T;0;0;0;322;292;37;1;100;322;1.79919e-195;TRUE;cds-YP_009724389.1;CCT;P;CTT;L
NC_045512.2;16889;A;G;0;0;0;1374;438;38;1;100;1374;0;TRUE;cds-YP_009724389.1;AAA;K;AGA;R
NC_045512.2;17019;G;T;0;0;0;863;462;38;1;100;863;0;TRUE;cds-YP_009724389.1;GAG;E;GAT;D
NC_045512.2;18877;C;T;0;0;0;1898;1459;39;1;100;1898;0;TRUE;cds-YP_009724389.1;CTA;L;TTA;L
NC_045512.2;21766;A;C;0;0;0;15;5;37;1;100;15;6.56795e-33;TRUE;cds-YP_009724390.1;ATA;I;ATC;I
NC_045512.2;21770;G;A;0;0;0;59;8;37;1;100;59;1.14526e-96;TRUE;cds-YP_009724390.1;GTC;V;ATC;I
NC_045512.2;21990;T;-TTA;134;115;37;147;0;30;1;100;147;1.36473e-35;TRUE;NA;NA;NA;NA;NA
NC_045512.2;23063;A;T;0;0;0;231;166;37;1;100;231;3.34575e-142;TRUE;cds-YP_009724390.1;AAT;N;TAT;Y
NC_045512.2;23271;C;A;0;0;0;996;452;38;1;100;996;0;TRUE;cds-YP_009724390.1;GCT;A;GAT;D
NC_045512.2;23403;A;G;0;0;0;1138;867;38;1;100;1138;0;TRUE;cds-YP_009724390.1;GAT;D;GGT;G
NC_045512.2;23604;C;A;0;0;0;1424;598;39;1;100;1424;0;TRUE;cds-YP_009724390.1;CCT;P;CAT;H
NC_045512.2;23709;C;T;0;0;0;1291;882;38;1;100;1291;0;TRUE;cds-YP_009724390.1;ACA;T;ATA;I
NC_045512.2;24914;G;C;0;0;0;1566;1088;38;1;100;1566;0;TRUE;cds-YP_009724390.1;GAC;D;CAC;H
NC_045512.2;29399;G;A;0;0;0;429;66;38;1;100;429;8.29054e-269;TRUE;cds-YP_009724397.2;GCT;A;ACT;T
;;;;;;;;;;;;;;;;;;;
;;;;;;;;;;;;;;;;;;;
;;;;;;;;;;;;;;;;;;;
;;;;;;;;;;;;;;;;;;;
;;;;;;;;;;;;;;;;;;;
;;;;;;;;;;;;;;;;;;;
;;;;;;;;;;;;;;;;;;;
;;;;;;;;;;;;;;;;;;;
;;;;;;;;;;;;;;;;;;;
